,snp_id,odds_ratio,pvals,conf_lower,conf_higher,sig,fdr,fdr_sig,POS_ALT,ANN
0,snp_2R:17854287_A,0.907065535313143,0.599875584269796,0.630036635045737,1.3059048309043,False,0.887815864719298,False,17854287_C>A,A|synonymous_variant|LOW|GPR5HT2A|AGAP002232|transcript|AGAP002232-RA|protein_coding|5/8|c.1590G>T|p.Ser530Ser|3451/4729|1590/2478|530/825||
1,snp_2R:28497967_C,3.24404157370467,1.50364450296604E-07,2.09103389837468,5.03282406856447,True,2.78174233048718E-06,True,28497967_G>C,C|missense_variant|MODERATE|CYP6P4|AGAP002867|transcript|AGAP002867-RA|protein_coding|1/2|c.708C>G|p.Ile236Met|708/1521|708/1521|236/506||
2,snp_2R:28502850_T,3.40143712558164,1.42629257624048E-07,2.15588203807284,5.3666083370811,True,2.78174233048718E-06,True,28502850_C>T,T|synonymous_variant|LOW|CYP6P2|AGAP002869|transcript|AGAP002869-RA|protein_coding|1/2|c.45G>A|p.Ala15Ala|61/1811|45/1524|15/507||
3,snp_2R:49438586_C,0.497835497835522,0.18286921016461,0.178383774538714,1.38936505602057,False,0.375897820893921,False,49438586_T>C,C|3_prime_UTR_variant|MODIFIER|AGAP013121|AGAP013121|transcript|AGAP013121-RA|protein_coding|10/10|c.*1296T>C|||||1636|
4,snp_3R:34264_G,1.20684098495221,0.369612538735356,0.800354898601966,1.81977415956911,False,0.621621087873098,False,34264_A>G,G|intron_variant|MODIFIER|AGAP007732|AGAP007732|transcript|AGAP007732-RA|protein_coding|1/4|c.185-2464A>G||||||
5,snp_3R:35121_G,1.23960290204223,0.311246061940769,0.817954258252518,1.87860792855868,False,0.575805214590423,False,35121_A>G,G|intron_variant|MODIFIER|AGAP007732|AGAP007732|transcript|AGAP007732-RA|protein_coding|1/4|c.185-1607A>G||||||
6,snp_3R:38161_G,1.19884950458393,0.393417729022174,0.790454899207751,1.81824432498505,False,0.632889390166105,False,38161_A>G,G|intron_variant|MODIFIER|AGAP007732|AGAP007732|transcript|AGAP007732-RA|protein_coding|4/4|c.1440+13A>G||||||
7,snp_3R:42848_C,1.43484066369769,0.115280611865755,0.915505223925687,2.24877769825543,False,0.288071950721178,False,42848_A>C,C|intergenic_region|MODIFIER|AGAP007733-AGAP007734|AGAP007733-AGAP007734|intergenic_region|AGAP007733-AGAP007734|||n.42848A>C||||||
8,snp_3R:50590_G,1.35014108135989,0.156076576618852,0.891699228650357,2.04427780243199,False,0.339696078523384,False,50590_T>G,G|intergenic_region|MODIFIER|AGAP007733-AGAP007734|AGAP007733-AGAP007734|intergenic_region|AGAP007733-AGAP007734|||n.50590T>G||||||
9,snp_3R:71973_A,1.45597496850479,0.0769280252735703,0.960210798104072,2.20770596737526,False,0.218948995009392,False,71973_C>A,A|intergenic_region|MODIFIER|AGAP007734-AGAP007735|AGAP007734-AGAP007735|intergenic_region|AGAP007734-AGAP007735|||n.71973C>A||||||
10,snp_3R:97617_A,1.18479334010214,0.425063520082266,0.781077163873072,1.7971787214848,False,0.655306260126827,False,97617_G>A,A|intron_variant|MODIFIER|AGAP007736|AGAP007736|transcript|AGAP007736-RA|protein_coding|3/6|c.-47+7902G>A||||||
11,snp_2L:927247_C,1.23682538893204E-09,0.999076998715848,0,inf,False,0.99909356036498,False,927247_A>C,C|intergenic_region|MODIFIER|AGAP004687-AGAP028432|AGAP004687-AGAP028432|intergenic_region|AGAP004687-AGAP028432|||n.927247A>C||||||
12,snp_2L:1274353_G,2458359123.58734,0.998819636492462,0,inf,False,0.99909356036498,False,1274353_A>G,G|intron_variant|MODIFIER|AGAP004691|AGAP004691|transcript|AGAP004691-RA|protein_coding|8/9|c.1474+983T>C||||||
13,snp_2L:1571929_T,30052.7676622251,0.999072014736744,0,inf,False,0.99909356036498,False,1571929_C>T,T|intergenic_region|MODIFIER|AGAP004693-AGAP004694|AGAP004693-AGAP004694|intergenic_region|AGAP004693-AGAP004694|||n.1571929C>T||||||
14,snp_2L:1776348_G,574934310.899842,0.998875580949564,0,inf,False,0.99909356036498,False,1776348_C>G,G|missense_variant|MODERATE|AGAP029368|AGAP029368|transcript|AGAP029368-RA|protein_coding|2/2|c.817G>C|p.Ala273Pro|912/4791|817/4665|273/1554||
15,snp_2L:1947574_G,1.57901006050247,0.0309443922373557,1.04276792773812,2.39101405484938,True,0.104085682980196,False,1947574_A>G,G|intron_variant|MODIFIER|exd|AGAP004696|transcript|AGAP004696-RA|protein_coding|2/7|c.-45-11847T>C||||||
16,snp_2L:2380982_C,0.617578168532009,0.0213749406464863,0.409664885267582,0.931011682873986,True,0.0878747559911103,False,2380982_T>C,C|intron_variant|MODIFIER|para|AGAP004707|transcript|AGAP004707-RH|protein_coding|2/31|c.304-83T>C||||||
17,snp_2L:2422651_C,0.557373560536642,0.00545676654342648,0.369057061851155,0.841781171797733,True,0.0263773661292246,True,2422651_T>C,C|missense_variant|MODERATE|para|AGAP004707|transcript|AGAP004707-RH|protein_coding|20/32|c.3023T>C|p.Leu1008Ser|3023/6387|3023/6387|1008/2128||
18,snp_2L:2422652_T,1.7816420265339,0.00570321429821072,1.18300525791166,2.68320727188928,True,0.0263773661292246,True,2422652_A>T,T|missense_variant|MODERATE|para|AGAP004707|transcript|AGAP004707-RH|protein_coding|20/32|c.3024A>T|p.Leu1008Phe|3024/6387|3024/6387|1008/2128||
19,snp_2L:2425052_A,1.57886545892459,0.0255506635833652,1.05742666291612,2.35743643016395,True,0.0945374552584514,False,2425052_G>A,A|synonymous_variant|LOW|para|AGAP004707|transcript|AGAP004707-RH|protein_coding|24/32|c.3774G>A|p.Pro1258Pro|3774/6387|3774/6387|1258/2128||
20,snp_2L:25429235_T,1.10087937636712,0.660077771599311,0.717347354078739,1.68946800238344,False,0.939341444199019,False,25429235_G>T,T|missense_variant|MODERATE|Rdl|AGAP006028|transcript|AGAP006028-RA|protein_coding|7/9|c.886G>T|p.Ala296Ser|886/1668|886/1668|296/555||
21,snp_2L:25635973_A,2.24909342158758,0.000737002461753891,1.40479270400797,3.60083107251092,True,0.00454484851414899,True,25635973_G>A,A|missense_variant|MODERATE|CYP4J5|AGAP006048|transcript|AGAP006048-RA|protein_coding|1/2|c.127C>T|p.Leu43Phe|217/1969|127/1599|43/532||
22,snp_2L:34100758_T,2.32641673172537,0.000398558933447731,1.45789392558012,3.71235157420533,True,0.00329258225254414,True,34100758_A>T,G|5_prime_UTR_premature_start_codon_gain_variant|LOW|AGAP006546|AGAP006546|transcript|AGAP006546-RA|protein_coding|1/6|c.-247A>G||||||
23,snp_2L:34118141_A,2.28037915454872,0.0004449435476411,1.43947841546303,3.61250924823879,True,0.00329258225254414,True,34118141_G>A,A|missense_variant|MODERATE|AGAP006551|AGAP006551|transcript|AGAP006551-RA|protein_coding|1/2|c.35C>T|p.Ala12Val|82/469|35/354|12/117||
24,snp_2L:34118260_A,2.31891525925017,0.000324170948947433,1.46603528794789,3.66796626506197,True,0.00329258225254414,True,34118260_G>A,A|intergenic_region|MODIFIER|AGAP006551-AGAP006552|AGAP006551-AGAP006552|intergenic_region|AGAP006551-AGAP006552|||n.34118260G>A||||||
25,snp_3L:129051_C,1.4559397804525,0.116785925968045,0.910481138466057,2.32817633968275,False,0.288071950721178,False,129051_A>C,C|intron_variant|MODIFIER|AGAP010311|AGAP010311|transcript|AGAP010311-RA|protein_coding|1/3|c.-14-3573T>G||||||
26,snp_3L:193173_G,30308.8909147643,0.999071251946066,0,inf,False,0.99909356036498,False,193173_A>G,G|intron_variant|MODIFIER|AGAP010312|AGAP010312|transcript|AGAP010312-RA|protein_coding|2/3|c.109+943T>C||||||
27,snp_3L:367248_A,0.74554209096343,0.193764736013773,0.478775914848129,1.16094605463693,False,0.37733132802682,False,367248_C>A,A|intron_variant|MODIFIER|AGAP010314|AGAP010314|transcript|AGAP010314-RA|protein_coding|2/2|c.838+9586C>A||||||
28,snp_3L:380974_A,0.703316288240646,0.136017902251669,0.442788900567452,1.11713234155301,False,0.314541398956985,False,380974_C>A,A|intron_variant|MODIFIER|AGAP029563|AGAP029563|transcript|AGAP029563-RB|protein_coding|4/10|c.1192-168G>T||||||
29,snp_3L:413508_G,1.55578863914223,0.0649964733591225,0.972905256865409,2.48788694747372,False,0.200405792857294,False,413508_A>G,G|missense_variant|MODERATE|AGAP010317|AGAP010317|transcript|AGAP010317-RA|protein_coding|1/3|c.197A>G|p.Tyr66Cys|292/1524|197/1335|66/444||
30,snp_X:18758300_T,926348192.156452,0.99909356036498,0,inf,False,0.99909356036498,False,18758300_C>T,T|intron_variant|MODIFIER|AGAP000974|AGAP000974|transcript|AGAP000974-RA|protein_coding|19/23|c.2476-1409C>T||||||
31,snp_X:19631625_G,591807521.241728,0.998872510301091,0,inf,False,0.99909356036498,False,19631625_C>G,G|intron_variant|MODIFIER|GPRCCK1|AGAP001022|transcript|AGAP001022-RA|protein_coding|3/8|c.565+1063C>G||||||
32,snp_X:20129288_T,1.22685671884402E-09,0.999076632997271,0,inf,False,0.99909356036498,False,20129288_G>T,T|intron_variant|MODIFIER|arm|AGAP001043|transcript|AGAP001043-RA|protein_coding|2/6|c.32-14563G>T||||||
33,snp_X:21721801_G,29936.9571336699,0.999072362951092,0,inf,False,0.99909356036498,False,21721801_C>G,G|intergenic_region|MODIFIER|AGAP013021-AGAP001056|AGAP013021-AGAP001056|intergenic_region|AGAP013021-AGAP001056|||n.21721801C>G||||||
34,snp_X:22164043_T,1.02677573066472,0.9743192004995,0.205491173327992,5.13048022456576,False,0.99909356036498,False,22164043_C>T,T|intron_variant|MODIFIER|AGAP001061|AGAP001061|transcript|AGAP001061-RA|protein_coding|6/11|c.1455+1200G>A||||||
35,snp_X:22798648_C,1.87984995028217,0.362899735604563,0.482636153054435,7.32194596946678,False,0.621621087873098,False,22798648_A>C,C|intron_variant|MODIFIER|AGAP001073|AGAP001073|transcript|AGAP001073-RC|protein_coding|5/5|c.1387+405A>C||||||
36,snp_X:23468268_T,595977629.854111,0.99887175938302,0,inf,False,0.99909356036498,False,23468268_A>T,C|missense_variant|MODERATE|AGAP001082|AGAP001082|transcript|AGAP001082-RB|protein_coding|4/6|c.2362T>G|p.Phe788Val|2608/3571|2362/3024|788/1007||
